episode,title,description,guest,duration,downloads,completion_numbers,new_listeners,returning_listeners,subscribers_gained,social_media_shares
1,Agents transforming logistics operations,"Logistics networks are unpredictable, and firms now turn to autonomous agents to coordinate flows. We talk with Jonas Patel, robotics lead at MoveTech, about where these systems excel, where they fail, and why humans still monitor the most sensitive points.",Jonas Patel,0:27:57,120,91,82,38,4,19
2,Machine learning gaps in medical imaging,"Hospitals expect flawless scans from algorithms, but anomalies often go unseen. Nadia Chen of MedScan Labs and Haruto Silva of CareAI explain why models struggle with edge cases, how clinicians adapt, and what’s next for machine learning in diagnostics.",Nadia Chen and Haruto Silva,0:33:10,130,95,92,38,2,52
3,Automated attacks testing cybersecurity teams,"Cybersecurity teams are contending with bots that probe defenses nonstop. Sofia Rossi, security analyst at NetShield, shares lessons from automated breaches, the strategies defenders use, and what future cyber battles may demand from overstretched response teams.",Sofia Rossi,0:33:01,160,117,123,37,6,46
4,Robotics reshaping warehouse logistics,"Warehouses increasingly rely on robots for tasks once handled manually. Leila Andersson, director of robotics at FlowGrid, walks us through deployment challenges, efficiency trade-offs, and how machine coordination changes the nature of work inside logistics hubs.",Leila Andersson,0:31:18,180,137,154,26,12,21
5,Learning from data leaks in the cloud,"Cloud services move staggering amounts of information, yet leaks persist. Omar Dubois, CTO of SecureStack, explains why these incidents keep occurring, what monitoring misses, and which defensive practices enterprises are adopting to reduce risk in cloud platforms.",Omar Dubois,0:32:25,210,152,170,40,7,101
6,Can agents manage financial transactions?,"Payment systems must be fast and accurate, and agents promise real-time oversight. Ravi Okafor, systems architect at FinCore, explores how agents monitor flows, what safeguards prevent errors, and how financial institutions test reliability before wider deployment.",Ravi Okafor,0:32:26,75,52,39,36,1,20
7,Machine learning in fraud detection,"Fraudsters adapt as quickly as detection models evolve. Miguel Tanaka from BrightBank and Lucia Khan of DataForge describe how pipelines catch fraud, the balance between false positives and missed cases, and how machine learning shifts the economics of security.",Miguel Tanaka and Lucia Khan,0:32:01,69,54,24,45,0,35
8,Cloud reliability lessons from outages,"Cloud reliability is tested during outages that affect millions. Haruto Patel, cloud reliability lead at EdgeWorks, shares insights on monitoring blind spots, how automation both helps and hinders, and what customers can expect from modern recovery protocols.",Haruto Patel,0:33:00,74,58,33,41,1,12
9,Robotics entering frontline healthcare,"Hospitals are trialing robots in roles once filled by staff. Elena Morales, lead engineer at CareTech, details deployments in surgery prep and patient care, what safety testing looks like, and how robotics complements rather than replaces skilled medical teams.",Elena Morales,0:29:25,68,50,34,34,1,21
10,Automated defenses against phishing campaigns,"Phishing attacks remain a top entry point. Diego Nguyen, head of threat analysis at ShieldNet, explains how automated defenses scan billions of messages, the clever tricks that still get through, and how organizations train models while training their people.",Diego Nguyen,0:30:46,173,129,130,43,1,43
11,Machine learning for traffic management,"Cities test machine learning to ease congestion. Sofia Dubois, transportation scientist at UrbanGrid, discusses pilot projects, the accuracy limits of predictions, and why models alone can’t handle the unpredictable choices drivers make every day.",Sofia Dubois,0:32:03,82,61,39,43,1,23
12,Supply chain visibility through automation,"Supply chains falter when managers lack visibility. Mateo Andersson from GlobalFlow and Fatima Silva of MoveTech reveal how automation is giving firms live data, what bottlenecks remain, and how confidence grows when teams trust what dashboards really show.",Mateo Andersson and Fatima Silva,0:30:51,93,73,47,46,1,25
13,Edge computing challenges in machine learning,"Edge devices promise fast local inference, but constraints limit accuracy. Kwame Ivanov, ML engineer at EdgeWorks, explains how models are compressed, why energy matters, and which applications succeed when edge computing and machine learning meet in practice.",Kwame Ivanov,0:28:39,107,76,71,36,2,26
14,Robotics improving agricultural yields,"Farms deploy robots to monitor crops and automate harvest. Noah Khan, robotics lead at AgroBot, discusses how sensor data guides decisions, the hurdles of operating outdoors, and why farmers see value in automation that directly increases yields in fields.",Noah Khan,0:32:35,126,99,97,29,3,30
15,Cybersecurity gaps in smart homes,"Smart homes are vulnerable through their connected devices. Zara Dubois, security researcher at NetShield, highlights recent exploits, why device makers lag in patching, and what users can do as machine learning-based monitoring spreads into household tech.",Zara Dubois,0:30:04,246,183,206,40,2,86
16,Machine learning for personalized medicine,"Precision medicine promises tailored care. Aisha Singh, data scientist at BioForge, shares how models integrate patient records and genetics, what biases remain, and how teams guard against overpromising while still pushing the frontier of medical practice.",Aisha Singh,0:29:50,125,92,92,33,3,15
17,Automation in public transport scheduling,"Cities are automating transport schedules to reduce delays. Miguel Rossi, automation specialist at UrbanGrid, shows how real-time data flows into models, where errors ripple across systems, and how human dispatchers still decide when the stakes are highest.",Miguel Rossi,0:32:09,330,242,295,35,12,32
18,Agents managing digital advertising spend,"Ad budgets shift constantly, and agents are taking over adjustments. Lucia Tanaka from AdWorks and Omar Patel of BrightLab describe how campaigns self-tune, how fraud complicates results, and why humans still audit performance before signing off.",Lucia Tanaka and Omar Patel,0:30:47,135,102,93,42,2,59
19,Predictive maintenance with robotics data,"Industrial robots generate streams of data that hint at breakdowns. Ravi Hernandez, product director at MoveTech, explains how predictive maintenance models detect wear, why not every alert is valid, and how savings come from catching issues before failure.",Ravi Hernandez,0:29:48,147,115,111,36,4,69
20,Data privacy lessons from recent breaches,"Breaches remind firms how exposed data can be. Mei Osei, head of security at SecureStack, discusses where monitoring missed signals, why attackers automate extraction, and what regulations demand as organizations struggle to keep data under control.",Mei Osei,0:31:44,179,133,139,40,4,59
21,Preventing bias in model training pipelines,"Training data often embeds real-world bias, and models reproduce it unless teams intervene. We speak with Amina Khalid, head of data quality at BrightLab, about detection techniques, practical mitigation steps, and how product teams audit pipelines to reduce harm while maintaining model utility.",Amina Khalid,0:32:01,174,130,129,45,3,101
22,Building reliable agent orchestration tools,"Orchestrating multiple agents raises coordination and failure-mode questions. Marcus Ortega, platform strategist at FlowGrid, and Hana Kim, systems architect at GlobalFlow, share technical patterns for orchestration, fallback strategies when agents disagree, and how to measure whether the whole system actually improves outcomes.",Marcus Ortega and Hana Kim,0:29:52,372,276,334,38,9,177
23,Model drift in production systems,"Production models degrade as data shifts; teams often miss early signs. Priya Shah, ML engineer at DataForge, walks through monitoring tactics, retraining schedules, and lightweight tests that catch drift before it impacts customers, plus how teams prioritize fixes under time pressure.",Priya Shah,0:33:00,262,202,220,42,3,64
24,Securing supply chains against automation abuse,"Automation can amplify supply chain attacks at scale. We talk with Mateo Castillo, security director at ShieldNet, about recent incidents where bots exploited procurement flows, the controls defenders add to slow attackers, and practical steps enterprises can implement now to reduce risk.",Mateo Castillo,0:30:55,239,175,200,39,3,73
25,Conversational agents in customer support,"Companies deploy chat agents to cut costs, but handoffs and accuracy remain problems. Lina Moretti from HelpWave and Omar Ruiz of BrightBank explain design rules for escalation, testing strategies to avoid hallucinations, and how metrics should reflect customer outcomes, not just response times.",Lina Moretti and Omar Ruiz,0:32:33,251,179,212,39,2,60
26,Synthetic data for safer model training,"Synthetic datasets promise privacy and scale, but quality varies. Kofi Mensah, data scientist at SecureStack, explains when synthetic data helps, pitfalls that introduce artifacts, and how practitioners validate generated datasets to ensure models trained on them generalize in the real world.",Kofi Mensah,0:30:46,295,202,252,43,3,137
27,Scaling ML pipelines without chaos,"As projects scale, pipelines become brittle and opaque. Anika Rao, director of ML platforms at EdgeWorks, shares patterns for reproducible experiments, CI for models, and organizational practices that keep development sustainable as teams add more features and more data sources.",Anika Rao,0:32:50,347,245,298,49,5,122
28,Agents automating incident response workflows,"Incident response teams experiment with agents that triage alerts, but trust is hard-earned. Daniel Park, head of automation at NetShield, discusses agent-assisted playbooks, how to prevent noisy escalations, and what SLAs change when software starts filing tickets and closing low-risk incidents.",Daniel Park,0:29:50,408,294,353,55,13,107
29,Tiny models for edge device inference,"Edge deployments require tiny, efficient models that still perform well. Mei Alvarez, ML engineer at EdgeWorks, breaks down compression techniques, latency trade-offs, and how teams choose model families when battery life and intermittent connectivity constrain success criteria.",Mei Alvarez,0:28:25,442,311,396,46,12,58
30,Privacy-preserving analytics in healthcare,"Healthcare analytics must balance insight with patient privacy. Omar Khan at BioForge and Leila Novak of CareTech discuss federated learning, differential privacy in practice, and governance steps hospitals use to validate analytics while meeting regulatory requirements.",Omar Khan and Leila Novak,0:29:33,516,375,467,49,11,77
31,Detecting automation in social platforms,"Fake accounts and automated campaigns distort feeds and metrics. Sasha Rivera, lead analyst at BrightLab, explains signal engineering for bot detection, the role of behavioral models, and why human review still matters when adversaries change tactics quickly.",Sasha Rivera,0:30:26,540,353,465,75,11,110
32,Real-time adaptation in recommendation systems,"Recommendations must react to trends without destabilizing user experience. Kai Moreno, product director at AdWorks, shares techniques for safe online learning, how to avoid feedback loops, and operational guardrails that let teams safely test personalization at scale.",Kai Moreno,0:29:09,631,434,564,67,12,120
33,Securing models against adversarial inputs,"Adversarial examples probe model vulnerabilities with subtle inputs. Noor Hassan, security researcher at ShieldNet, outlines defensive training, detection layers, and why threat modeling for ML should be part of product risk assessments, not an afterthought for deployment teams.",Noor Hassan,0:30:57,657,451,600,57,15,106
34,Robots collaborating with human teams,"Collaborative robots need to read human signals and adjust behavior. Marco Silva from MoveTech and Hana Lopez of CareTech discuss sensor fusion, safe motion planning, and the social design choices that help robots fit into human workflows without disrupting productivity or trust.",Marco Silva and Hana Lopez,0:31:17,692,513,620,72,11,233
35,Improving observability for ML systems,"Blind spots in observability hide model failures until users complain. Priya Nair, platform engineer at EdgeWorks, explains what telemetry to collect, how to design alerts that focus on user impact, and approaches to triage model-related incidents faster and with more context.",Priya Nair,0:30:10,1927,1316,1853,74,35,130
36,Automating compliance in regulated industries,"Regulated sectors must prove control over automated systems. Aaron Schmidt, compliance lead at FinCore, shares how automation helps and complicates audits, how teams instrument decisions for traceability, and practical trade-offs firms make to stay compliant while moving fast.",Aaron Schmidt,0:31:58,813,587,713,100,21,75
37,Language models powering developer tools,"New developer tools embed language models to speed coding, but accuracy and context matter. Priya Kapoor at CodeCraft and Mateo Russo of DevFlow explain integration patterns that reduce bugs, how to measure developer productivity gains, and guardrails to prevent incorrect suggestions.",Priya Kapoor and Mateo Russo,0:31:08,924,663,821,103,9,274
38,ML-driven monitoring for industrial plants,"Industrial sites use ML to spot anomalies before failures. Kwame Boateng, product director at MoveTech, breaks down sensor fusion, label scarcity, and how teams set thresholds so models help operators rather than drown them in false positives.",Kwame Boateng,0:32:13,1208,882,1088,120,21,136
39,Automated content moderation at scale,"Moderation systems combine heuristics and models to filter toxic content. Lucia Vega, trust and safety lead at BrightLab, explains how teams balance recall and precision, the role of human reviewers, and strategies to reduce bias while keeping platforms safe for users.",Lucia Vega,0:32:34,1112,797,990,122,25,60
40,Continuous evaluation for deployed models,"Evaluating models only at launch leaves risk unchecked. Noah Patel, ML ops lead at DataForge, describes continuous evaluation pipelines, metrics that track real-world performance, and lightweight A/B approaches teams use to detect regressions before they affect many users.",Noah Patel,0:32:56,1217,858,1076,141,38,281
41,Data pipelines under heavy automation,"Automation increases throughput but makes debugging harder. Fatima Alvarez, platform strategist at BrightLab, explains how teams monitor flows, trace failures across dozens of automated jobs, and set guardrails so pipelines deliver consistent results without hiding errors.",Fatima Alvarez,0:28:46,1295,924,1155,140,35,212
42,Cyber resilience in automated banking systems,"Banks automate back-end systems but expose new risks. Omar Haddad, CTO of FinCore, and Sofia Kim, head of security at ShieldNet, detail lessons from incidents, how automation complicates recovery, and what resilience practices financial teams are putting in place.",Omar Haddad and Sofia Kim,0:33:12,2012,1478,1885,127,27,385
43,Scaling robotic fleets in manufacturing,"Factories increasingly rely on robotic fleets. Mateo Silva, robotics lead at MoveTech, outlines challenges in scheduling, communication overhead, and safety protocols that keep machines and workers aligned as plants shift toward higher levels of automated production.",Mateo Silva,0:29:49,1087,803,937,150,23,158
44,Detecting anomalies in high-frequency trading,"Trading systems rely on models to flag anomalies, but speed and volume overwhelm teams. Elena Rossi, data scientist at BrightBank, explains what metrics really matter, how models are tuned, and why anomalies often hide in plain sight until capital is at risk.",Elena Rossi,0:28:22,1128,804,994,134,31,202
45,Agents reducing downtime in utilities,"Utilities turn to agents for faster outage detection. Kwame Osei, reliability lead at UrbanGrid, and Haruto Tanaka of GridTech discuss pilot deployments, what alerts proved useful, and how control rooms adapt when software agents surface signals earlier than humans.",Kwame Osei and Haruto Tanaka,0:31:31,1371,967,1196,175,26,110
46,Robotics in last-mile delivery,"Delivery companies experiment with ground robots and drones. Nadia Singh, robotics engineer at MoveTech, shares what designs scale, how consumers react, and which regulatory issues shape whether these pilots become permanent parts of logistics networks.",Nadia Singh,0:29:45,1597,1141,1404,193,39,214
47,Continuous monitoring of ML fairness,"Fairness checks are often one-time, but data shifts constantly. Ravi Dubois, researcher at BrightLab, explains continuous monitoring pipelines, metrics that matter, and what adjustments are practical for teams that need models to behave consistently in production.",Ravi Dubois,0:32:03,1934,1348,1719,215,26,166
48,Real-world stress tests for automation,"Automation passes lab tests but fails in production. Jonas Hernandez, systems architect at EdgeWorks, describes stress testing under load, injecting faults intentionally, and why teams simulate worst-case events to ensure automation doesn’t collapse under pressure.",Jonas Hernandez,0:31:05,1881,1370,1676,205,38,145
49,Predictive analytics in energy grids,"Energy grids generate terabytes of data per day. Leila Moreno from GridTech and Omar Williams of UrbanGrid discuss predictive analytics that forecast demand, detect equipment wear, and help utilities balance sustainability with the need to keep lights on reliably.",Leila Moreno and Omar Williams,0:29:12,1878,1370,1660,218,27,105
50,Securing APIs against automated abuse,"APIs connect everything from banking apps to cars, but automation attacks exploit them. Miguel Okafor, security lead at ShieldNet, explains recent exploit trends, mitigation layers that matter, and how machine learning bolsters defenses against high-volume probes.",Miguel Okafor,0:30:04,1896,1314,1675,221,30,169
51,Optimizing agents for call centers,"Call centers deploy agents for routine tasks, but missteps cost trust. Zara Chen, automation specialist at HelpWave, shows what scripts work, how to monitor agent performance, and which interactions teams still escalate to humans to preserve customer relationships.",Zara Chen,0:27:59,2050,1406,1851,199,18,99
52,ML-based inspection in construction,"Construction sites adopt ML for quality checks, scanning photos for errors. Haruto Rossi, product director at BuildScan, details how models catch mistakes, how inspectors validate results, and why adoption depends on aligning predictions with field expertise.",Haruto Rossi,0:28:27,2715,1891,2468,247,58,361
53,Agents managing ad bidding strategies,"Ad bidding happens in milliseconds, making manual oversight impossible. Sofia Hernandez of AdWorks and Mateo Khan from BrightLab explain how agents optimize bids, prevent budget waste, and what safeguards are essential when spending scales across campaigns.",Sofia Hernandez and Mateo Khan,0:28:46,5778,4077,5530,248,77,219
54,ML detecting financial anomalies,"Financial auditors lean on ML to flag irregularities across billions of entries. Omar Vega, head of analytics at FinCore, outlines what models reveal, how investigators confirm alerts, and why automation changes the economics of catching fraud in large firms.",Omar Vega,0:28:47,2507,1727,2237,270,49,233
55,Robotics navigating public spaces,"Robots are being piloted in malls and airports. Aisha Dubois, robotics researcher at MoveTech, explains navigation challenges, how people react, and what engineers change to make machines safer and more accepted in environments designed for human traffic.",Aisha Dubois,0:29:45,3478,2505,3131,347,50,203
56,Cloud cost optimization with agents,"Cloud costs spiral without oversight. Diego Andersson, platform strategist at EdgeWorks, shares how agents monitor workloads, auto-shut down idle resources, and help finance teams keep budgets predictable while engineers keep deploying at their own pace.",Diego Andersson,0:28:23,3751,2622,3412,339,27,356
57,Machine learning for supply forecasting,"Retailers rely on forecasts to stock shelves. Kai Moreno, ML engineer at BrightLab, explains which signals improve predictions, how seasonality complicates accuracy, and why machine learning is reshaping the balance between overstocking and costly shortages.",Kai Moreno,0:32:03,3910,2692,3581,329,43,378
58,Cybersecurity automation in small firms,"Smaller firms face the same threats but fewer staff. Lucia Dubois at ShieldNet and Ravi Kim of BrightBank discuss affordable automation, open-source tools, and what trade-offs small teams make to maintain security without the resources of global enterprises.",Lucia Dubois and Ravi Kim,0:31:29,4486,3272,4135,351,62,512
59,ML streamlining insurance claim reviews,"Claims overwhelm insurers, and ML offers relief. Priya Nair, data scientist at CareTech, shows how claims are auto-classified, why reviewers still audit, and what results look like when teams balance speed with accuracy in a process fraught with customer tension.",Priya Nair,0:29:04,4183,2893,3797,386,48,294
60,Robotics speeding up food production,"Food companies automate prep and packaging with robotics. Noah Rossi, engineer at AgroBot, explains where robots outperform humans, what breakpoints slow them down, and why integration requires close collaboration between robotics teams and line managers.",Noah Rossi,0:32:01,4507,3292,4122,385,56,320
61,Tracking model performance at scale,"Monitoring models across thousands of deployments is complex. Amina Lopez, ML ops engineer at DataForge, details telemetry signals, dashboards that surface real issues, and practices teams adopt to ensure performance doesn’t silently drift once products hit production.",Amina Lopez,0:33:02,4505,3121,4106,399,88,660
62,Robotics in precision farming,"Farms use robotics to automate planting and monitoring. Jonas Singh from AgroBot and Fatima Gomez of GreenField explain what sensors deliver, how robots adapt to uneven terrain, and why farmers need both data and intuition for reliable yields.",Jonas Singh and Fatima Gomez,0:33:01,4855,3416,4405,450,42,337
63,Agents managing corporate IT tasks,"IT teams face a flood of repetitive requests. Daniel Rivera, automation lead at EdgeWorks, shows how agents reset credentials, provision accounts, and route tickets. He explains which tasks are safe to automate and how trust builds as success rates improve.",Daniel Rivera,0:31:45,5502,3864,5046,456,83,885
64,ML driving retail personalization,"Retailers hope machine learning can tailor offers in real time. Leila Khan, data scientist at BrightLab, outlines the signals used, the danger of overfitting, and how her team balances personalization with privacy in high-volume consumer platforms.",Leila Khan,0:31:12,6055,4492,5601,454,104,122
65,Securing connected cars against attacks,"Cars run millions of lines of code, and attackers test them all. Omar Andersson, security analyst at NetShield, describes vulnerabilities seen in connected vehicles, the monitoring solutions applied, and what carmakers must address as automation increases.",Omar Andersson,0:31:00,6099,4372,5543,556,72,214
66,Real-time speech agents for call analytics,"Companies analyze calls in real time to improve service. Priya Dubois at VoiceTrack and Haruto Osei of HelpWave share how agents transcribe, analyze sentiment, and coach reps, plus how accuracy and latency shape whether these systems actually help staff.",Priya Dubois and Haruto Osei,0:30:22,6487,4702,5956,531,87,554
67,ML accelerating pharmaceutical discovery,"Drug discovery timelines stretch years. Aisha Rossi, scientist at BioForge, explains how machine learning identifies promising compounds, why experimental validation remains slow, and what realistic timelines look like when algorithms enter the research pipeline.",Aisha Rossi,0:31:43,5911,4010,5389,522,52,495
68,Automating cloud resource allocation,"Cloud platforms waste money when resources sit idle. Ravi Hernandez, platform strategist at EdgeWorks, shows how automation reallocates workloads, why predictive scaling matters, and which practices keep budgets in check while developers keep shipping fast.",Ravi Hernandez,0:31:51,6147,4351,5580,567,69,550
69,Detecting deepfakes with machine learning,"Synthetic media complicates trust online. Lucia Okafor, researcher at BrightLab, discusses detection pipelines, signals that reveal manipulated content, and why detection lags behind generation as tools improve. She shares how platforms prepare for rapid shifts.",Lucia Okafor,0:32:12,7144,4946,6588,556,106,269
70,Robotics expanding in construction sites,"Construction firms trial robots for inspection and heavy lifting. Haruto Nguyen, robotics engineer at BuildScan, explains how machines operate on unpredictable sites, safety rules for mixed crews, and what adoption looks like in one of the most risk-averse industries.",Haruto Nguyen,0:32:28,7774,5616,7161,613,77,316
71,Agents coordinating digital marketing,"Marketing teams juggle dozens of platforms. Diego Patel, automation specialist at AdWorks, shows how agents allocate budgets, monitor performance, and adjust strategies across channels. He explains why teams still monitor results closely and validate agent choices.",Diego Patel,0:27:55,7109,4982,6405,704,112,445
72,ML boosting fraud prevention in payments,"Fraud shifts rapidly, and models must adapt. Elena Khan of FinCore and Kwame Silva from BrightBank describe adaptive training, feature selection that matters, and what regulators expect as payments companies lean more heavily on machine learning for fraud defense.",Elena Khan and Kwame Silva,0:28:45,7794,5547,7048,746,78,339
73,Robotics in hazardous industrial zones,"Dangerous work environments are ripe for automation. Noah Dubois, robotics director at MoveTech, shares how machines handle inspections in oil refineries and mines, how operators supervise them remotely, and why safety certification is still the hardest barrier.",Noah Dubois,0:32:17,7051,4972,6296,755,57,642
74,Securing cloud-native apps against attacks,"Cloud-native apps move fast but widen attack surfaces. Sofia Andersson, security engineer at SecureStack, explains misconfiguration pitfalls, automation that scans for risk, and what development teams do to balance velocity with responsibility in production.",Sofia Andersson,0:29:54,12485,9153,11867,618,96,893
75,ML for predicting equipment failure,"Factories adopt predictive maintenance to cut downtime. Kai Chen, product manager at DataForge, describes how teams collect sensor data, how models are tuned, and what results look like when predictive systems actually save money instead of just adding alerts.",Kai Chen,0:28:13,9218,6577,8409,809,97,240
76,Agents moderating online communities,"Online platforms deploy agents to filter harmful content. Nadia Hernandez at BrightLab and Miguel Rossi of NetShield explain detection limits, escalation strategies, and why trust and safety work always blends automation with skilled human review.",Nadia Hernandez and Miguel Rossi,0:28:23,9344,6497,8515,829,95,576
77,Robotics automating surgical assistance,"Operating rooms now trial robots for support tasks. Haruto Silva, engineer at CareTech, explains what robots currently do, how doctors validate their performance, and the strict safety standards that define whether robotics can scale in critical healthcare spaces.",Haruto Silva,0:30:47,13643,9574,12897,746,108,1421
78,ML forecasting in agriculture markets,"Farmers face volatile markets, and ML aids forecasting. Fatima Dubois, analyst at AgroBot, shares what signals improve models, why weather still dominates outcomes, and how forecasts help farmers decide what to plant and when to harvest under tight margins.",Fatima Dubois,0:31:48,10954,7818,10037,917,57,879
79,Cybersecurity in autonomous drones,"Drones rely on constant connectivity, making them targets. Jonas Rossi, security lead at NetShield, outlines recent exploit attempts, defense strategies that work, and how regulations are adapting as drones shift from experiments to critical infrastructure.",Jonas Rossi,0:32:10,10160,7156,9258,902,112,386
80,Agents driving HR automation,"HR teams use agents for onboarding and payroll. Leila Kim at BrightLab and Omar Ivanov of PeopleWorks discuss what tasks are safe to automate, where agents still fail, and how companies balance efficiency gains with the risk of damaging employee trust.",Leila Kim and Omar Ivanov,0:31:39,10410,7505,9464,946,78,647
81,ML optimizing energy efficiency in buildings,"Buildings consume vast energy, and ML helps optimize usage. Priya Moreno, engineer at UrbanGrid, explains how smart meters feed models, how predictive systems tune HVAC, and why teams must constantly update algorithms to match real-world occupancy patterns.",Priya Moreno,0:28:47,14954,10957,14213,741,101,1170
82,Robotics improving food safety checks,"Food plants trial robots to detect contaminants. Omar Silva, robotics specialist at AgroBot, details how sensors catch issues, why verification matters, and how companies weigh investment in machines against the heavy costs of product recalls and brand damage.",Omar Silva,0:28:47,11853,8360,10908,945,99,1760
83,Agents optimizing supply and demand balance,"Retailers juggle fluctuating demand and supply shocks. Nadia Rossi of GlobalFlow and Diego Osei from BrightBank reveal how agents match inventory with demand, the limits of automation, and why transparency in data remains critical for planning cycles.",Nadia Rossi and Diego Osei,0:31:29,9072,6660,8086,986,99,580
84,ML enhancing cybersecurity threat hunting,"Threat hunters face data overload. Kwame Williams, head of research at ShieldNet, discusses how ML surfaces signals, the limits of automation in complex attacks, and why expert judgment remains critical even when algorithms detect patterns faster than humans.",Kwame Williams,0:31:57,11206,7942,10200,1006,97,1744
85,Robotics in disaster response efforts,"Robots increasingly aid disaster recovery teams. Aisha Patel, robotics engineer at MoveTech, describes how drones and crawlers navigate rubble, the communication issues responders face, and why reliability under pressure defines whether robots can save lives.",Aisha Patel,0:29:02,11012,7643,10069,943,105,488
86,Securing IoT ecosystems against threats,"Billions of IoT devices expand attack surfaces. Haruto Khan, security engineer at NetShield, outlines common vulnerabilities, how defenders apply ML to monitor, and why fragmented standards keep IoT security challenging for enterprises and consumers alike.",Haruto Khan,0:32:53,10145,6943,9062,1083,104,420
87,ML transforming logistics route planning,"Logistics firms turn to ML for smarter routing. Lucia Moreno, analyst at MoveTech, shows how models balance distance and congestion, why dynamic rerouting matters, and how companies integrate human oversight when optimizing delivery routes across large fleets.",Lucia Moreno,0:32:55,8662,6129,7596,1066,114,772
88,Agents powering automated financial reporting,"Finance departments experiment with agents for reporting. Ravi Singh, finance tech lead at FinCore, explains automation benefits, controls that auditors require, and how companies set limits so agents accelerate work without compromising accuracy or compliance.",Ravi Singh,0:29:58,7445,5587,6410,1035,85,403
89,Robotics expanding in elder care settings,"Elder care facilities trial robots to assist staff. Leila Vega, product director at CareTech, details real use cases, patient reactions, and how training programs prepare workers to manage machines as they take on support tasks in sensitive environments.",Leila Vega,0:33:11,7722,5593,6657,1065,60,1850
90,ML monitoring global shipping networks,"Global shipping runs on tight schedules. Jonas Patel of GlobalFlow and Amina Khan from MoveTech discuss how ML tracks vessels, detects delays, and forecasts bottlenecks, and why ports rely on automation to keep global trade running with fewer disruptions.",Jonas Patel and Amina Khan,0:29:57,8354,6409,7310,1044,121,305
91,Cybersecurity in automated healthcare records,"Digital health records expand quickly, making them prime targets. Omar Chen, security architect at SecureStack, shares attack vectors seen in practice, why breaches are costly, and how automation helps hospitals guard sensitive patient information.",Omar Chen,0:32:12,8038,5789,6924,1114,71,635
92,Robotics scaling e-commerce fulfillment,"E-commerce warehouses lean on robotics to fulfill orders faster. Priya Rossi, operations director at MoveTech, shows how automation reduces error, where breakdowns occur, and why robots shift workforce needs in one of the fastest-growing retail sectors.",Priya Rossi,0:28:53,12934,9151,11914,1020,120,304
93,ML accelerating climate modeling projects,"Climate models strain resources, but ML offers speedups. Sofia Hernandez, climate researcher at BrightLab, explains hybrid modeling, validation needs, and how scientific teams balance accuracy with efficiency as climate projections shape global policy debates.",Sofia Hernandez,0:30:58,23331,15986,22285,1046,90,1328
94,Agents simplifying travel booking platforms,"Travel platforms handle billions of options. Miguel Ivanov of TravelWorks and Lucia Rossi from FlowGrid share how agents manage personalization, detect fraud, and surface relevant itineraries, plus what still requires human curation for travelers to trust.",Miguel Ivanov and Lucia Rossi,0:32:04,12877,9306,11558,1319,91,2061
95,Robotics monitoring environmental hazards,"Environmental monitoring expands with robots in oceans and forests. Noah Dubois, engineer at EcoScan, shares how sensors collect critical data, what maintenance challenges exist, and why environmental agencies adopt robotics to improve coverage and consistency.",Noah Dubois,0:32:49,15090,10516,13970,1120,126,891
96,ML automating insurance risk scoring,"Insurers adopt ML to rate applicants faster. Amina Osei, data scientist at BrightBank, describes what variables models use, how fairness audits are applied, and how automation changes underwriting workflows without replacing human oversight.",Amina Osei,0:32:36,14180,9707,13043,1137,99,1923
97,Agents managing software deployment pipelines,"Deployment pipelines are brittle under growth. Haruto Silva from DevFlow and Nadia Kim of EdgeWorks outline how agents handle rollouts, monitor errors, and revert when needed, and why engineers still supervise when risk is high in live production systems.",Haruto Silva and Nadia Kim,0:30:02,12870,9178,11598,1272,68,520
98,Robotics assisting in space exploration,"Space agencies test robotics for lunar and Martian missions. Omar Patel, robotics researcher at AstroLab, explains why autonomy is critical in space, how teams test systems on Earth, and what reliability standards define success when machines leave orbit.",Omar Patel,0:28:04,9281,6639,8068,1213,99,1043
99,ML enhancing cybersecurity log analysis,"Security teams drown in logs. Elena Dubois, senior analyst at ShieldNet, discusses how ML highlights true threats, what patterns emerge from billions of events, and why automation complements but never fully replaces careful human investigation.",Elena Dubois,0:29:05,10292,7323,9151,1141,88,357
100,Agents improving workplace knowledge management,"Companies store endless documents but retrieval is poor. Jonas Rossi of BrightLab and Leila Singh from DataForge describe how agents classify, surface, and summarize information, and why adoption depends on making search results trustworthy for busy teams",Jonas Rossi and Leila Singh,0:32:06,10376,7387,9059,1317,100,469
